Machine_ID,Temperature,Run_Time,Downtime_Flag
1051,79.34205590104395,131.55628495542143,0
1092,87.2719737092165,180.06820373575954,0
1014,71.58297731148397,43.82137338191927,0
1071,56.37901513977819,468.47891151553137,0
1060,64.18879528993622,276.90112035618813,1
1020,68.15411481993175,152.76215532901176,1
1082,82.29586206658007,198.49075853714172,0
1086,78.53891523344559,223.60127025241783,0
1074,67.80483629489231,300.29716668030864,0
1074,99.32576243964898,257.8397138482489,1
1087,80.28874096784436,459.6959866072087,0
1099,61.86133958679972,248.48174145291512,0
1023,55.089123631020186,496.07900741165633,0
1002,57.642956959216605,425.7124788725479,0
1021,62.29788641922541,104.2552571786679,0
1052,58.03406866297779,465.29760732195814,0
1001,59.32835120256529,58.183198942738045,0
1087,64.25475843469235,408.7248542455958,0
1029,58.66867976473774,190.31164673829005,0
1037,94.83827123132126,438.9871602225348,0
1001,54.01168728308211,434.02834505372516,0
1063,76.22556947851274,402.9627000588106,0
1059,70.51984134948307,395.01521815353067,1
1020,99.11893084543033,152.33956954902038,0
1032,55.60194510840262,40.45964152562609,0
1075,69.89277995228709,201.49008938258072,0
1057,98.47352166376845,86.76225749325434,0
1021,93.27535629469901,347.47554445123086,0
1088,90.85360354746399,173.04986326889278,0
1048,62.895141352246995,487.80510042995746,1
1090,58.54437936950329,320.486038672666,0
1058,83.43216099622154,411.24028181718046,0
1041,96.46879945637929,66.26233637092422,0
1091,77.83814465069649,431.0072411363113,0
1059,78.580634473495,461.37859525669717,0
1079,63.998954683014205,243.53095940946795,0
1014,88.47464665959684,303.12646887548874,0
1061,59.35218742787617,382.4049004514977,0
1061,66.18396182021218,87.41931363020628,0
1046,71.27182193082083,251.2830382317212,0
1061,75.38051893422275,199.33151388615656,0
1050,62.12048662075401,73.18699608112456,0
1054,55.74184123696018,183.7672111457657,1
1063,80.53100212208163,34.08615469274678,0
1002,64.43152766201278,12.905953474743493,0
1050,79.06191107113061,67.58314457741137,0
1006,57.718135763710116,481.5575557945869,0
1020,74.05700509274087,274.76476794750846,0
1072,76.62947162757929,482.91108057660995,0
1038,52.591176841121346,216.248939165066,1
1017,66.83021390969603,155.9080665426298,0
1003,56.72073384694871,253.07093142012204,0
1088,53.168748523638385,219.75584431645507,0
1059,99.49801161949726,52.83234213087196,1
1013,66.11769224873615,320.4131573451031,0
1008,90.49372229273175,108.0190912547998,0
1089,62.732032738188195,309.7939774489148,0
1052,84.07513611119646,325.1005461990767,0
1001,88.01139299448432,76.01242656432406,0
1083,79.78193703039221,30.67481355533408,0
1091,73.57880942750792,390.3807930342199,0
1059,70.59204570736343,229.90021188466008,0
1070,67.44341332714977,29.081897752737895,0
1043,96.4764572123913,497.4331585848836,0
1007,91.53097038938645,28.89028049818332,0
1046,98.25134553332563,347.5176144292766,1
1034,56.21486117427724,491.8394626317068,1
1077,86.54337376018222,119.5900521079628,0
1080,96.91702284105189,71.12468434359809,1
1035,59.061653308283006,60.69246971121445,0
1049,53.32481336833887,151.63757378379776,0
1003,87.05603246450295,50.522905505323344,0
1001,78.7236556589956,346.08067084706596,0
1005,92.0914388379136,31.145899065031347,0
1053,56.988618831314476,254.71106407489486,0
1003,89.76336559299452,498.3484269264884,0
1053,60.08136600238723,406.9851347530094,0
1092,58.18279714328523,307.60971911550547,0
1062,58.21328989654965,153.12681039330585,0
1017,90.72873601156911,311.94791814581924,0
1089,83.25986103481,263.5207319558258,0
1043,76.15327123845597,213.04169194518573,1
1033,67.94152420617513,65.35518837009974,1
1073,93.86002704065541,443.30210762023336,0
1061,69.62225537113177,224.89232441066125,1
1099,90.82997197357886,97.31125591038253,0
1013,71.95674542851091,183.8796754386448,1
1094,68.84722147124538,207.06487626446352,0
1047,73.13398928348032,413.76894778343717,0
1014,65.0688937082071,366.80719028070104,0
1071,87.38046900881255,384.6524468206699,0
1077,75.13601950462396,5.515632214323607,0
1086,61.61063475734086,208.07699908988076,0
1061,94.97872866372842,240.6720758176618,0
1039,69.19456106866056,9.596138411528344,0
1084,77.17764305569943,129.9066043725171,0
1079,95.32360554822735,380.1449115610675,1
1081,81.21189979569961,68.55485286449952,0
1052,55.8449020354182,267.65506572629585,0
1023,96.99160618067376,107.60093600861876,0
1025,81.38540265357089,6.060387321946637,0
1088,66.7452807328543,120.60072879977074,0
1059,56.96360363316936,487.9368774550269,1
1040,89.7012594635148,400.7685559414948,0
1028,81.00363779642568,479.7883221605167,0
1014,76.67305459881608,243.92702196318123,1
1044,94.69462915254789,54.868099338751755,0
1064,89.42986056122655,273.97974448684647,0
1088,57.58374398663756,227.18866727998045,0
1070,65.5861033897774,422.178541369808,0
1008,62.424456990723286,49.04129039212229,0
1087,87.19731462863385,244.1205685108891,0
1000,51.67662173678897,75.02433234699213,0
1007,78.49448424356582,162.33796344503,1
1087,88.12293428703452,368.67853869389984,0
1062,93.83828183808748,238.00906468438328,0
1010,67.10408743579538,187.94414257288466,0
1080,91.06286523360063,197.23813928501767,0
1007,55.53158684776036,229.72338420299332,0
1034,92.3226145867259,392.50827191852846,0
1034,56.37443311659912,446.0423444701172,1
1032,69.86436452801837,477.66734325196416,0
1004,89.86476828897767,393.45169312764756,0
1040,57.49587136743869,157.70344787400637,0
1027,61.462569761632075,344.06735304327105,0
1006,86.1126284196533,218.80156202769595,0
1072,86.00182682730372,127.33531102302558,0
1071,82.05738164426486,420.4357897129613,0
1011,84.697422223355,19.213174481162497,0
1033,77.13622216737981,450.88099606771175,1
1032,62.58995294534763,230.7387323123671,1
1047,67.28479967519597,318.6007384041402,0
1022,59.079885840071285,329.67696110289137,1
1061,95.42252806668142,447.55887035326816,0
1087,79.16958973830603,318.33484108360364,1
1036,70.042570838182,306.9667923800309,0
1098,73.10029018220663,33.326020280344984,1
1043,97.36416698059077,259.204010972602,1
1085,57.66757015580401,75.08450040852082,0
1090,79.31149160083986,368.71688436074277,1
1034,75.2944339442233,256.11096040633726,0
1064,80.57271177173239,340.1138896041767,0
1098,50.90550919104203,20.836450301192134,0
1046,93.60619544720757,42.39600802290161,0
1077,96.60591412418063,358.16169403134114,0
1002,78.25665917946044,36.042167999336684,0
1000,84.8325411938446,35.6283638826293,1
1004,96.12496905886479,6.054237617443725,0
1089,85.36193171566993,478.25069914974006,0
1013,57.62695214571307,368.75417972950345,1
1026,78.81441800834065,176.6257042510321,1
1008,80.3357523191428,148.26779064382762,1
1078,71.2065335651193,174.85161487292478,0
1014,86.82221178123615,387.3267655905909,1
1089,96.71835073845074,330.6853055352072,0
1041,96.27842564533881,92.59778393373396,0
1076,72.5419685702066,87.05466766704217,0
1050,55.661902292037766,49.19782485669866,0
1062,99.24205994811672,330.15135985066905,0
1095,91.94490432229671,382.18633111086797,0
1051,56.233134060163344,132.523214162502,0
1095,96.04209413086862,10.472480515456406,0
1003,93.49481810310641,41.08583373821367,0
1093,75.94190285630361,483.9300174225152,0
1022,79.56377178724647,147.72238873871012,0
1014,69.95013519350651,384.6115739190668,0
1042,52.73808194110157,312.3317844271319,0
1028,66.75986208229504,190.96981982644795,0
1035,90.14267242990057,102.84363109777756,1
1012,50.23160115023014,60.693209079703216,0
1031,66.6749585845572,307.5064840194333,0
1070,69.90843467954717,387.31689031889397,0
1058,76.86978014689615,321.9521267705653,0
1085,95.99278082063802,265.15106662457913,1
1027,67.31729971829806,20.975611715818133,0
1065,67.34766009481139,484.2443887971919,0
1041,86.87506240548743,399.3570958272873,0
1044,72.61089704449036,146.41101835048238,0
1061,61.2302411469991,489.98516467942534,0
1056,72.62197580663467,300.94079481816107,0
1005,57.04285101898999,291.21132910362326,0
1027,58.819349325311165,374.0365897147661,0
1027,74.91838863697399,405.8848940450688,0
1043,70.9462724752274,328.2393036657513,1
1083,95.742295053405,64.04787318310001,1
1029,68.11969495583165,169.1337529972492,0
1061,79.02941751390217,464.04182016302485,0
1074,81.61321439597651,112.30780592192596,0
1091,50.654722829416684,186.08351191875667,0
1088,83.17686860083553,216.038441472098,0
1061,58.90179834348757,219.7024948472261,1
1096,98.05351587347275,306.4697912472628,1
1000,57.43313638765565,471.5379188723538,0
1026,70.73120618635119,120.34635591625248,0
1061,54.26748340393219,60.750688150459034,0
1076,99.84371259229736,98.73524492996866,0
1002,75.10975051656213,443.46245010463474,0
1069,79.76925086600218,322.90540632760303,0
1071,53.353823869421376,142.95339461958005,0
1026,87.49802351995889,407.9734694843086,0
1008,60.49527965477929,430.684998181718,0
1061,94.90271447203568,423.257169345139,1
1036,60.25698202410036,459.46326681977723,0
1096,59.534386033183324,126.1205100866808,0
1050,51.827483392404744,377.5209643731391,0
1043,73.60334725549995,230.26974863707,0
1023,78.24205666313082,420.9992764450308,0
1078,53.285431971417616,364.2453385808066,0
1058,88.77638083475053,388.2237232498623,1
1031,72.66444173740138,328.08091884053573,0
1095,76.219513466379,88.71438473485344,1
1087,72.03813734691141,272.5134594484692,0
1051,70.0381530437663,492.33486976225413,0
1061,77.9820165654109,468.69403324855944,0
1057,57.76201229653562,21.586867898505837,0
1051,59.09640652476355,82.40740786471856,0
1011,93.08928105067587,65.86438672728096,0
1038,97.30577310668164,362.98995499264777,0
1001,68.66546581398765,408.8926649284725,1
1002,63.53723365717769,106.75568315533596,1
1055,82.19997716195078,252.9263464759145,1
1080,70.43670855490481,420.3515140056,0
1058,51.26931778301724,366.4007723831253,0
1001,57.80762986830952,271.11860274592414,0
1001,85.79861144236988,295.1738452293865,0
1091,82.94619709550757,254.18027345814,0
1053,51.354799625174174,148.7742256594103,0
1086,61.098608096647474,282.51099642950805,0
1095,61.55373982940357,344.44265102504534,0
1096,83.59463717993643,436.66145793040386,1
1000,50.98552688771821,318.14567698962406,0
1018,55.205429099228695,380.560768521579,0
1001,89.99580426865947,80.0358174772865,0
1052,58.927233102716684,230.77873720989496,1
1043,82.63730539259373,4.6658099135466475,0
1089,61.90913905233633,123.3394322608115,0
1031,54.97206963796726,363.23085755650243,1
1069,62.1586095499727,495.90497567468174,1
1031,86.11334659278296,49.589049793607956,0
1067,92.78482340531428,200.74715793064414,0
1054,91.51099322834958,400.03548434957975,0
1074,69.85917648092274,102.01781731444942,0
1055,83.40425682853231,277.5424746511431,0
1016,60.24921477079105,366.5356480148374,1
1037,64.65738651305067,307.9927251300895,0
1023,94.81679092605599,94.01236730770806,0
1068,50.6500961755368,177.6922843428697,0
1097,54.2754265427234,391.8958922426986,0
1069,60.394312757301364,277.1132570660083,0
1085,51.32661019369099,2.6148067714563683,0
1010,59.071771754489866,380.49538001404693,0
1015,79.15207804848461,17.655677470119535,0
1096,71.0712275296249,372.8668913656161,0
1072,94.63358555384875,101.24028008261871,0
1058,90.87217808692205,479.0367400596901,1
1069,67.0908675848938,183.97037565104225,0
1079,62.971171671564626,163.46580816903955,0
1092,68.98462040836334,74.44402516622233,0
1002,79.51474712574039,152.80210774510743,0
1019,63.403182041143815,438.32538091410026,0
1058,81.2074453924567,498.1671688136237,0
1035,70.47058260956203,184.15476525342416,1
1018,77.602359042599,224.30531547727128,0
1089,71.80632645676583,361.0354691013685,0
1066,64.72328797709588,443.0978902325373,0
1018,97.42266534810784,296.52216709339206,1
1019,88.18028970798804,195.76284908891466,0
1095,57.00565878832263,206.31092042431186,0
1070,93.42339879489563,347.8090732484034,0
1051,74.37155991247567,1.6091318021393408,0
1032,94.72761134470457,309.7946687299203,1
1039,89.99276279736577,177.7465052206787,0
1038,71.26067522346167,397.0986656385421,0
1081,51.12346541600587,46.49531991156608,1
1000,63.4338679692473,294.10113347419525,1
1010,77.08171073304334,240.48644494306188,1
1091,81.67391099130737,321.1627629526137,0
1056,62.894384271660115,32.426797241484174,0
1088,56.96780370364121,289.99189371406567,0
1049,91.74651183996495,280.7422939797619,0
1022,99.22010903517761,280.3300472080855,0
1030,76.28450911513428,301.7438332982274,0
1093,58.583964292415175,338.2339686131811,0
1041,63.61536632596845,402.4944998403849,0
1098,50.919533827373336,134.91036006410718,0
1006,95.71494032802495,412.52470509003103,0
1015,55.88755414450706,249.12784113172683,1
1089,78.82582377571268,38.52913956716558,0
1059,63.7027610343603,29.2754646219896,0
1001,77.70890012578967,167.1191593480304,0
1000,82.57101941759322,392.4484885557338,0
1047,91.48709018536007,353.8404673704579,0
1011,60.32106358803016,394.30748233620324,0
1068,50.549791432924025,258.63452822080467,0
1036,56.844281503440364,220.09949897774527,0
1031,95.00093209240526,73.72626335314197,0
1008,93.69450387812577,164.09637680465576,0
1098,79.87065510851542,217.00968308693763,1
1018,80.02584302168268,44.30021483980862,1
1047,83.25183372731277,110.30597635560562,0
1079,58.76856393117248,299.1126470318694,0
1002,95.72059729624799,367.83155711959495,0
1019,70.93852624460365,499.1737556964748,1
1023,69.15692641247487,466.55666567177883,0
1053,75.94588526414188,321.28259976759574,0
1032,52.348298338752755,210.624026647036,1
1023,58.31416843780397,318.0886823541164,0
1074,86.90168082131852,392.825809040116,1
1071,54.139933396256325,59.16809546169366,0
1035,80.1576054733194,204.95244484814413,0
1037,62.26745548406605,419.9011428178086,0
1083,69.46478070209884,191.916475966522,1
1098,64.43468683853499,285.93613561359325,1
1088,67.78363582324747,293.8846804310991,0
1098,85.95229525921228,92.23812656681967,0
1024,64.85608578115875,181.1177208261442,0
1092,78.32023201484486,167.25564437096608,1
1017,73.80252010995498,13.098354266032397,0
1081,83.1835582681324,12.095881945677622,0
1065,96.84148696623791,415.8485218378867,0
1053,86.62860486051252,136.5354049864062,0
1034,60.74701892953784,259.0393831194077,0
1079,51.55915675306424,149.36278679438652,0
1060,63.113202214991254,470.3396225576703,0
1040,79.75389653501274,129.64837943288688,1
1099,52.57129067421252,214.82840636946753,0
1032,74.81831236006181,436.3651252423009,0
1067,79.84214244584446,420.9667833959043,1
1032,66.71219454084805,93.05070892313866,0
1013,88.54561018729109,401.3216548978552,0
1020,55.32991265668859,229.09344336894634,0
1047,53.75688908679044,241.4844360426776,1
1019,86.40943781018017,66.7399862079719,0
1007,74.77456581030992,40.300756878562325,1
1006,84.4201198213868,363.9696534868826,0
1066,71.74136693018731,248.23057617764988,0
1016,62.32010166195534,218.42535130758978,0
1032,90.95511588371,364.75411432619836,1
1047,89.97079394844897,382.7564494955549,0
1075,84.73482354272133,79.45408383467678,1
1058,63.607256861498136,305.1125747388206,0
1085,79.51153334345435,67.67704113884277,0
1021,68.04869484700134,375.6875430145228,0
1029,54.579103666331704,328.47757813356975,1
1037,95.86567877311214,478.30731054172895,0
1050,56.84093154594807,34.47900817821059,0
1053,97.51186769104012,28.52736057562716,0
1007,72.30028864789779,141.09353734660007,1
1026,59.25664644193098,130.85284186795298,0
1026,77.0950473689179,123.48939953599991,0
1097,93.64729179382041,453.12729026051835,0
1020,86.61124432047805,124.77309992475305,0
1029,90.32805739307248,135.97486306431549,0
1096,82.93916833553587,379.69913120898184,1
1027,84.61382822589263,224.86992122527,1
1063,92.45978257826596,388.3552784775906,0
1096,62.483400442959294,32.683078782192624,0
1068,74.47124818215703,243.78559683669215,0
1060,61.06047209098011,16.806800091641318,0
1047,99.38340039983234,31.32660172767726,0
1018,97.20296698433066,453.2187266722055,0
1003,51.9713405684253,69.62268555879758,0
1034,85.27875862578442,266.21034113760857,0
1063,96.26241587078329,205.54780130035329,0
1048,59.02876725636668,173.67166312942135,0
1016,78.39726152763147,449.9166728436362,0
1043,95.77441487940209,10.91169838774475,0
1091,51.69729892928994,331.8948430877945,0
1029,84.871013362342,481.6972171067752,0
1092,64.86745036862754,280.084091730921,0
1045,96.21980976882652,468.4112310165459,0
1005,98.55291225826838,26.128939643011883,0
1098,97.2133244556717,209.3966595370807,0
1036,73.71071083287319,130.07889548102557,0
1023,93.10213254946567,365.41048249036487,1
1092,92.22746992675351,490.64854524862335,0
1045,65.95502366216279,128.2650312221239,0
1052,91.44577370753387,327.08730073703725,0
1094,51.85038173577463,99.04881637987006,0
1098,79.81349392410266,282.66512728580494,0
1059,61.50044186438515,231.9662433441681,0
1096,56.02834428886394,486.0026648157685,0
1062,53.84766008146046,304.26363634823326,0
1084,84.81443879390699,174.75318604340939,0
1031,66.9937481884033,57.04789244396669,0
1086,86.23833857643808,75.62341436746728,1
1032,53.26781703994712,112.65846497561755,0
1066,65.76451689153052,125.483330670149,0
1017,76.97456461876686,425.3080289205689,0
1024,89.53615824194819,280.61139414126245,1
1094,65.9376251466035,261.6954556871832,0
1053,81.29456882185045,57.38443593460873,0
1057,94.29888741180935,430.0698466747175,0
1066,80.79315940911523,361.40715160424185,0
1045,61.64797373768169,33.83418095000079,0
1023,51.220039077826904,353.9175486148843,0
1031,93.50494369504649,271.769108671323,0
1046,51.063470542519354,40.86267287338913,0
1085,93.73508363420997,229.15032076432823,0
1022,76.4468567013606,242.3481435650235,0
1065,96.95338492564481,82.88727008163788,0
1026,89.93916178868326,472.8490735001412,0
1001,99.89670552666686,424.98768574033096,0
1089,67.53559077258551,334.51116866455413,1
1016,88.35941444655634,231.1477805003036,0
1032,70.0965456804621,205.88277079225426,0
1008,73.99378101519544,325.4867335754771,0
1042,81.37527316091851,272.7159347034527,1
1047,93.68385570931693,31.136552940942806,0
1038,99.20417345996475,256.25132438516584,0
1092,88.41367069322591,403.2018086164197,0
1041,70.8883391083667,229.61993879847904,0
1025,71.06785011385351,25.978288777134207,0
1098,86.87911507944457,393.13909969201654,0
1049,61.938857288415115,100.6818910679872,0
1024,55.52370565656973,129.31041744401938,1
1023,67.73110788203883,82.35317671614794,0
1012,64.36194958270409,165.10753243574877,0
1059,64.81540602279951,378.3757528443175,0
1006,61.680387552495496,259.6929297519687,0
1056,52.104659481818096,102.44063707535628,0
1035,50.89369673667069,438.91503907602043,0
1044,99.38611948680158,439.7909274757646,0
1019,71.38865668679311,435.28921252300347,1
1064,69.21633235798409,119.39810569076964,1
1007,83.9823641346535,225.61967209049405,0
1015,60.912694393253204,492.49482807043756,0
1013,97.49805919751127,386.0062381549952,1
1075,89.3172507207776,13.583710612779909,0
1086,54.47055011561297,32.602295630246026,1
1014,70.87903878924642,231.96568840616638,0
1091,93.95591537810824,454.6101029307801,0
1097,97.2366011145705,269.3508989763571,0
1065,73.37007556249348,248.9062540171451,0
1031,80.67056946053539,52.73684997831529,0
1086,58.35169730460376,328.390052362147,0
1062,99.55843130684883,411.05158030011273,0
1085,61.58358506917217,190.21000375378117,0
1050,97.13658870675629,387.8059254626637,0
1024,82.48233244961843,482.2383269504058,1
1057,80.38683974394296,101.88322956384455,0
1062,75.63442555082543,261.66481559737065,1
1061,61.53349058588793,143.56897904228776,0
1021,58.82640160027542,396.4272095169197,0
1057,61.02431045350877,288.79668294057876,1
1057,59.32191310721272,317.29120877515186,0
1085,88.97922367833766,398.957079807947,0
1048,67.5062629583365,197.98523633122744,0
1051,52.89213382816982,457.5450342035216,0
1041,98.45513150704056,266.51443362307,0
1069,94.18929424817128,78.977411417674,1
1014,96.38761415976064,347.94955908440124,0
1053,99.74539113232177,396.6306752191272,0
1059,58.69476246097437,158.38083853376332,0
1096,69.81210094513294,428.5896284993765,0
1007,87.91192378520456,453.0716273828832,0
1052,84.8010309026896,138.45224368890447,0
1059,57.69479531699275,491.76073635761105,0
1004,90.79165624953089,70.35576402437921,0
1067,61.22202859183304,101.00783420124499,0
1005,61.19088074113115,92.11241961901307,0
1095,76.84872114467068,446.9948550039352,0
1093,79.64699674208515,327.14627616248094,0
1046,79.00431039189056,76.05214161113643,1
1098,54.574341869887746,220.1617091841745,0
1054,93.87304313151901,307.64901253490103,0
1039,63.2800021294353,41.73204249469165,0
1051,56.47574606414021,441.20818420366936,0
1015,94.43740399344887,401.8017677207676,0
1012,97.78257491148767,252.6033867883191,0
1029,93.10638086327253,483.5633076295852,0
1018,90.4758037362439,208.88048963754986,0
1016,82.7620990319511,492.0551595182489,0
1062,77.54286853045696,333.95999940181355,0
1018,54.34933799557051,317.3356366269707,0
1091,70.42266065353493,82.9774476478925,0
1057,68.6344258506157,440.96387915232197,1
1054,62.98768918801631,213.74484396030758,1
1089,86.17100568442925,81.11670289123968,1
1089,74.79378675393855,6.30375998787952,1
1061,54.0523107953824,279.8778418191913,1
1022,61.009160097490565,263.69981106133815,0
1008,84.16293818297979,359.67681118457926,0
1011,53.80654297451501,445.12902650890106,0
1000,92.56034570243844,39.70329232151476,0
1057,74.75732635069872,365.7482451701812,0
1000,74.0293288663324,93.70597204879111,0
1033,79.62038923297588,429.088526578582,0
1095,91.23404829625746,409.53175693082807,0
1047,67.39046039510966,270.3968774927722,1
1088,83.90080762795318,355.12139931165575,0
1000,78.28659819978955,157.1750565918742,0
1015,63.35141350847107,235.58394946640732,0
1060,93.9314993177579,410.81844885523583,0
1063,89.8713010803464,229.63259858660695,1
1062,82.92259173292128,178.8991326627209,0
1068,92.52908645471209,247.10622362514994,0
1021,93.36471004799012,414.1246262186092,0
1092,85.41814883575174,167.60402368543637,0
1066,91.85066641818361,86.8807965678719,0
1075,84.87357308346418,356.0070101653904,0
1025,84.00703858801502,412.9891063540409,0
1015,80.93056891075922,50.318739261766666,0
1050,87.63583197788206,119.93705637797237,0
1085,57.93025526465368,70.98599488049695,1
1056,94.04353795994642,173.9707057910833,0
1028,93.5921763872616,225.17548945270633,1
1077,51.462364151727954,374.41316848165326,0
1091,91.29083752823814,325.57379244083705,0
1068,56.44349337367226,310.4642837392156,0
1046,66.7559427129571,176.1874733048272,0
1093,87.1754128145804,420.72377654238,0
1061,58.03799480241541,235.64358369908228,0
1068,90.8983512059531,489.55246900757726,0
1075,91.6067088978871,317.0710691478684,1
1015,75.37338668804182,63.13237078225137,0
1089,50.31929358584168,338.088781037717,0
1089,64.35190665874563,162.5520077158495,0
1047,80.84634591878711,343.1635983430487,0
1084,99.05930890137117,34.82057408120287,0
1038,81.59067635083342,87.44071858797969,0
1099,62.99017905320799,427.8686294528932,0
1032,81.70028515498056,113.58977851175744,0
1093,76.99926898579278,418.52056262147005,0
1022,88.99226975755718,139.63804422720523,0
1009,55.34903194134792,321.4409550293538,1
1068,88.05139512510141,347.0752867549155,1
1099,77.06332893380551,256.3273765725265,0
1033,98.14960019294973,152.65533834836563,0
1051,67.0936083019343,106.32218818554806,0
1094,81.6310946566974,16.59467728121311,0
1009,96.60140527550087,151.9732006203619,0
1018,55.12548639953396,326.5813952656415,0
1057,96.86142436182256,469.15240922424135,0
1095,84.39428611504067,435.602241131526,0
1000,53.39185295525859,383.0323882676513,0
1068,65.04817834734081,394.2236716266493,1
1003,85.40860443226407,332.4924517379976,0
1015,53.36753007343859,130.1434287830015,0
1023,79.10852300881366,453.5975153529149,1
1079,67.29415284764784,335.36615595291704,1
1001,81.04577588837385,280.22031549021995,0
1091,52.28710169062564,55.494734606740536,0
1031,93.57684030761882,223.5277719032127,0
1090,98.67444845886985,230.17913560096315,1
1083,98.44389276428458,432.28180476133497,1
1023,87.48259158714623,273.32411009389426,0
1011,56.5043120065316,190.20027448520483,0
1049,87.91315979645113,488.4001642553297,0
1034,51.229345822940076,55.36029666315784,0
1032,51.106177576449866,211.27421415597232,0
1032,66.18051095747705,21.012337585702646,1
1060,74.43215952023328,369.95206038346515,0
1050,88.52037089038966,459.03827609957534,1
1042,84.16476883032526,140.01866477524473,1
1011,72.29513531883742,429.17083839956047,0
1066,63.68133331408329,146.10911523094887,0
1064,99.85622500788556,455.3850808219576,0
1032,71.30906511179865,376.98095179839197,0
1039,72.56935121648377,402.4533884207193,0
1073,58.181191059583455,9.003277800227249,0
1042,89.74047743749647,481.405178537013,0
1043,84.68411128907442,363.3354960351616,0
1028,61.03848063943802,152.37554769306666,0
1012,54.11905228079213,414.69733242942345,0
1011,84.02496510373565,140.76059920746496,0
1094,82.72556071405677,436.37691978306395,0
1045,63.662976349910466,56.29019520596851,0
1001,97.54317811252051,351.84298873039785,0
1034,57.55289458904501,270.34923832245516,0
1086,71.6167400521301,48.26723509772041,0
1080,97.18079600837994,120.9469141294195,0
1089,70.98636584630611,6.202018138657395,0
1007,81.92629738320429,234.38398273225292,1
1092,69.87971989813971,150.6326303800002,0
1025,63.7107601174335,299.1787421488794,0
1073,99.19888239799141,148.6189038543086,0
1089,70.46670031575215,149.95955575349234,0
1033,94.70496018395673,371.5965993658017,0
1006,61.49773029455431,24.071417989176723,0
1067,60.655235201254165,451.44749759599364,0
1057,51.55670414422557,426.13193719559075,0
1074,82.58334126879424,333.90234161320325,0
1028,68.42631718618806,296.61078505369215,0
1035,93.21791249198185,446.1512490698261,0
1088,73.66049533457786,92.66508976435722,1
1020,98.40967139573608,39.484581095414306,0
1035,59.27627578515606,119.75508495476905,0
1009,93.43115839778054,397.2891393500951,0
1072,88.82984263958708,17.33513336324166,0
1023,88.5460922322026,291.40341754174483,0
1063,92.23916140584438,497.71875809565495,0
1098,88.05119954714993,427.8480469187697,0
1048,81.31101608157077,260.72284452179474,0
1098,56.56224388411938,31.82045464332117,0
1035,51.6263089745626,415.68675719285494,0
1081,96.04239239078434,299.48925408860526,1
1095,80.8325157260369,57.466498529783415,0
1023,89.82686454880881,46.9286424116781,0
1022,74.0761175756275,454.8134097182962,0
1061,55.86540944811972,334.60013146903924,0
1095,56.259289610127524,414.64339965837775,0
1036,84.27826436144858,439.48945014113366,0
1011,71.51529474497313,285.8861760241611,0
1054,60.02623633501683,258.72317587752065,0
1012,74.57972733707184,215.2137051604951,0
1022,53.21044685375671,158.47329389555964,0
1088,79.09857009571994,217.29798042935587,1
1098,63.449670221754886,386.9398278650782,0
1029,89.87795503185941,300.96171550756577,0
1016,65.51809794617868,446.26164497742303,0
1061,72.76100745409006,221.69000718959387,0
1083,50.58102699540503,303.54478935937703,0
1088,53.62234438972794,315.65377654599433,0
1085,69.62467782033424,295.84858115316274,0
1012,73.99694173585618,351.31688654275814,0
1058,80.00102740596519,118.71673418740313,0
1018,64.58312893546517,256.1818887728953,0
1048,84.74909430632712,52.11240140417384,0
1099,93.00611985946023,192.25566382240626,0
1011,88.99254944466749,243.83353431063222,0
1060,51.980941267417855,326.11212977273624,0
1018,74.02534736289145,475.26552629310174,1
1075,55.246508920908745,300.32553327417793,1
1008,62.10225079312637,371.7969580882799,1
1070,99.33312966335733,253.13302974760137,0
1027,57.12477714507566,317.0520156881657,0
1077,74.9444076725678,35.46610806688671,0
1094,80.90778671590596,127.19579042092349,0
1051,85.12324852720519,180.92654660256935,0
1082,77.98243417434571,236.2466775032568,1
1015,50.48854237095918,22.824372751191866,1
1068,66.3230654121996,70.01204877665884,0
1098,75.88558216923558,138.4071538956529,0
1011,54.39332495724167,485.7663454505253,0
1024,67.53134656045904,165.67350355152539,1
1051,51.66015543956833,241.02052905604125,1
1084,53.928924857751035,98.04885636919647,0
1099,69.8461638100798,305.3900355378841,0
1052,56.63578770215302,140.34160775798716,1
1022,78.3770424130779,103.4962892192134,0
1015,84.47324845686329,258.2863142229895,0
1056,90.02933495545415,2.7528995802104106,1
1038,60.007512212240506,3.8320163246126637,0
1052,58.37412911295349,109.53440455092888,0
1041,55.228392016720015,18.360681250410572,0
1057,81.82151247718184,54.01287706534569,0
1038,85.32378632434506,169.4303246693758,1
1013,51.5793072412821,401.29283978990645,0
1094,96.81061231218449,286.02432168465043,1
1004,52.59856418257362,256.33386297820823,0
1034,77.06481676505352,146.74441160406082,0
1086,85.45302597254582,465.8768597164082,0
1092,93.54845618730428,198.50752061859583,0
1074,85.70434660662139,43.54638339788575,0
1017,90.08640415348958,308.5332580589006,0
1075,66.97250962714031,56.919196738300705,0
1008,90.7412556873256,172.61157140084603,0
1073,54.00574231923376,253.70596935890444,0
1057,94.74083280302638,437.1112623425879,0
1016,77.37961880768681,246.77329017005934,0
1006,90.86488849812469,351.1293830158321,0
1045,72.615914225915,496.40841949953517,0
1012,82.17888475982625,65.74455994899081,0
1039,76.32013304680567,137.36576275975975,0
1041,86.5794760877666,197.2880377988232,0
1008,54.08149910152948,210.91408926941568,1
1049,53.01760419952819,205.5105376327729,0
1026,62.355161700507324,453.80550127827746,0
1065,57.97723400565942,357.01632223342824,0
1004,93.58917832961009,303.9526070453519,0
1028,60.960699367902215,154.68635893139106,0
1036,98.79326279095656,411.8951921106474,0
1037,66.84478958855534,477.5302557424945,0
1082,59.10589578443496,410.59914127511325,1
1007,89.48492535712396,0.7825525957364521,0
1064,82.9353887750438,318.2006850917035,0
1085,74.90978582265694,25.56769072105036,0
1016,77.76817754688156,128.80361016686092,0
1070,85.96008891361319,29.762350173885842,0
1088,61.422737066564935,301.89772647469385,0
1044,99.8166958028371,343.2949567463034,0
1003,98.73965810733915,57.24381903295256,1
1035,82.51628431734684,191.91944152248973,0
1069,59.97712254645725,228.11825447777102,1
1030,84.01141212156458,184.5265108804583,0
1018,53.60992044895879,60.51250024259652,0
1060,51.532625110290304,209.4738950937377,0
1053,62.884144425560685,375.58902390420906,1
1038,73.13114783696582,35.50383226662773,0
1090,93.41362527041903,40.090007040951726,0
1073,86.3584534883154,177.38564591799212,0
1089,87.13532605999904,470.86285580946253,0
1018,71.27466672240377,334.28632336145705,0
1038,67.29674962734815,339.3349783362824,0
1066,68.55193814923014,180.9599954189325,0
1044,99.3824781868029,296.8303956042692,0
1012,52.005459570624126,5.065592013871689,0
1091,93.35157480612243,318.0480232047711,0
1057,78.93377042861967,456.64347378811834,0
1019,71.93077095947953,306.2867341724096,1
1091,86.26288302075682,436.84929673317254,0
1071,74.33344707123514,361.9865277330469,0
1060,93.67116190408302,60.27920820184512,0
1038,95.03509320056293,451.22665364292084,0
1000,71.08604634367276,33.22192217788744,0
1002,63.841389861752575,266.9837362738819,1
1076,79.61751642966811,71.06856189672884,0
1091,95.61816728083454,5.853305365452033,0
1061,60.53310945028333,211.0171300638195,0
1062,81.14832917817414,147.5203538270781,0
1024,81.57801100462603,243.00024689880152,0
1055,86.65565112076405,288.5999433672754,1
1032,56.57838425636299,21.86953615447368,0
1037,85.79124823410443,61.501647561872815,0
1005,95.45162603328205,279.3211982252127,0
1057,58.984155443512094,171.58367658632912,0
1043,61.87716624619388,364.58674377472397,0
1044,98.56975470208198,326.1458242959698,0
1031,59.04884763547449,422.8021814949534,0
1044,92.71925466847895,346.24641333461267,0
1060,74.61389282240174,214.96553869507406,0
1046,62.36155372015885,336.4833111972162,1
1020,93.53749506362557,137.69058712770925,0
1079,72.26526275013327,153.15674938910635,0
1084,75.74086769648451,394.49257996039665,0
1074,67.96166846998828,223.2097582007911,0
1035,79.64754257174637,399.1901702591762,0
1098,58.17619362925114,411.2111868341392,0
1018,69.55407683258804,428.7811688306419,0
1019,98.47061611676438,458.31761792060365,0
1056,62.90667163505638,215.4926102566481,0
1017,82.8368332270646,159.43340916056943,0
1046,66.25950321123474,291.09937329705696,1
1048,88.67365628433004,185.5862117188138,0
1013,56.54368303591749,300.5370834001165,0
1014,98.49105225392724,352.7929313219123,0
1030,72.68947706918196,344.2025092460684,0
1000,61.8025231673232,187.2764435100607,0
1053,53.67483736650063,83.43010084937642,1
1002,58.48789525437704,215.26466923110377,1
1015,75.98869742780089,71.29707204095436,0
1086,66.85015882156432,445.04851759190416,1
1056,91.44416829413046,172.9387303689287,1
1074,71.5443761830903,77.22987361166189,1
1011,62.435713629381496,12.72387995287544,1
1073,80.8572493302015,322.91119314324214,0
1095,85.33886084427229,318.4511587273716,0
1015,58.35209539504749,170.30208329064584,0
1071,58.380960814415886,35.855944423825505,0
1075,51.83357134667715,204.814447447616,1
1023,86.82010075328202,155.6087475316968,0
1027,83.19022638109026,338.5603198675047,0
1007,73.7315437874907,302.8896247263452,1
1091,92.20852244845986,182.29686409877,1
1035,90.28350764750266,108.94627712749505,1
1089,79.2677182198376,494.0179830777959,0
1007,93.41356402566294,227.00081059805743,0
1057,60.292060501838414,344.13711789011853,0
1059,55.5959809698864,70.27648378918039,0
1049,63.48748057584948,242.7948498296989,0
1027,52.854342804465745,13.768359934732743,0
1091,76.5584764000516,252.72755895522496,0
1040,96.83028461474808,482.00870355885115,0
1099,51.967177033425486,192.1033564929001,0
1063,56.105495700501336,19.498006287455794,0
1026,72.60995141417176,15.477895459671764,0
1062,96.69375087639524,193.99337997343474,0
1016,65.80780524883752,80.01246823159703,0
1072,75.36174043441963,11.676048164092956,0
1032,52.0786429525196,378.10680697508843,0
1083,57.41716004810444,229.26150444094534,0
1076,99.33150614794235,144.62238598632726,1
1091,98.25593482180227,450.04159150824034,0
1028,50.24699904672048,58.06948010026281,0
1012,97.59058927116195,477.9594144776596,0
1045,81.95599689077503,156.98335868867642,1
1034,93.39591472600111,444.20183615434064,0
1005,72.73699278169295,301.4714382397308,0
1081,75.77980142896251,413.35367987074375,1
1068,74.44232901284602,492.00658160523216,0
1046,83.34321287730522,144.20271890937286,0
1024,56.98256273781564,480.5677427037965,0
1065,51.4986794936339,194.7409474512102,0
1009,65.39649707955954,192.75595236846115,0
1055,85.23403813683234,170.19355212725284,0
1029,60.09267260614742,270.7038036737926,1
1004,83.67162166624587,77.07252158924355,1
1032,98.49560230536352,276.8557426790056,0
1064,54.69503578947092,270.852406205002,0
1017,83.63010591125632,380.950906302435,0
1095,72.18751096522855,416.8249809687928,1
1048,93.40711271887527,220.22067515621202,1
1010,58.857489472369295,151.16662467574687,0
1084,84.63129761130823,129.66744865854724,1
1025,91.90576448240552,97.31191835243597,0
1062,97.23071097370116,28.82379109951244,0
1088,84.16240141448229,171.22398941735668,0
1085,74.85873820042136,135.12384606539163,0
1058,80.8923620100607,483.2086929332037,0
1026,93.44524922393592,278.85441312502195,0
1048,78.53048733194149,173.63851951525376,0
1076,51.519352984841845,290.233800496848,1
1032,96.54743477534889,69.59835067284776,0
1097,84.47633755157806,222.02187460110144,0
1098,83.82566928886233,313.1171607105319,0
1000,60.78375761988586,244.44891589622569,0
1020,82.94427351163286,200.88940032716212,0
1054,69.69322028270793,496.9241944498491,0
1005,82.5616488520746,440.1573810744635,0
1091,55.32965151539953,311.7029790797201,0
1080,82.89226523015179,284.6886805911414,0
1068,99.97068628853333,310.33023991229203,0
1094,52.4106019430278,100.65605391121663,0
1004,98.85870921106587,197.5688716321593,0
1002,70.34539803614354,19.72976644544966,0
1052,93.53767251686295,237.77301874341333,1
1022,89.11927420291367,271.51229197883157,0
1052,78.3508130493334,113.87486805160479,0
1036,86.92246046256633,482.0144235827569,0
1073,93.92577806506739,454.727305468621,0
1073,70.20701608255165,361.0716177279529,0
1082,66.35165807816193,266.6933143826813,1
1016,83.37966927817924,434.98457982384247,1
1084,90.39229709706294,65.32617191173145,1
1077,88.11425673883079,395.25489713744247,0
1072,89.89068244293173,62.41040698342415,0
1000,71.77916574064665,397.10533127470273,0
1050,90.89171080875107,137.8837841256785,0
1044,56.01045276853042,438.54529050909446,0
1076,77.22445489804248,472.0210469126989,0
1003,50.28793302490608,74.39798470255782,1
1061,66.22929149501351,231.33780253269677,0
1064,68.32307674356989,490.49368908134255,0
1031,69.80863458046277,241.7037179865733,0
1033,84.7733603344931,431.77376125727255,0
1091,69.42790506351729,294.3657610656599,0
1094,72.43468113112652,187.66495395980093,0
1071,61.87720654371637,142.8917777629351,0
1038,68.662589581467,101.61154554304363,0
1025,61.363481363157575,380.8990956888486,1
1033,53.659796188422185,193.27025341151395,1
1053,80.17242966906889,255.6377311003756,0
1002,83.41063992775082,246.16274000059096,0
1049,80.97451730048073,288.63951461656563,1
1011,73.17470219002863,432.78857281227613,1
1064,68.98928900896149,490.3696717917147,0
1053,93.16668247859127,203.79210428690848,0
1004,75.9540892568109,413.75946105315154,0
1093,73.95909388148655,382.26389732735885,1
1093,51.282103290321785,286.76447572778665,1
1056,67.06239138130782,478.0235718059665,0
1016,69.00978093929285,100.23725776420139,1
1046,69.94113904484502,54.63210515481071,0
1022,79.00861846136661,426.98098347771105,1
1078,76.68012733634393,219.57490831687414,0
1084,80.39525463967223,423.4844271035302,1
1013,88.2441630771064,446.54510259770746,0
1065,90.64928693580467,31.22879680953572,0
1074,85.90615381132471,441.73238149303035,0
1050,97.77618479774674,224.1595276847111,1
1037,50.91162913381808,255.2162445021161,1
1063,59.788899284177305,313.2962555466051,1
1097,50.37814374890711,463.1913033650434,1
1037,82.37373570773015,9.558047214882015,0
1049,94.90152744749935,238.42173415890855,0
1097,62.174114828814965,343.86102121528035,0
1081,96.35172723981533,361.35347884911425,0
1029,53.01336951447804,346.266215768554,0
1078,96.72180134027572,67.21756470406093,0
1090,67.58113436198173,149.69779418584062,0
1050,55.07104142246082,179.35776270850673,0
1062,74.29358795931628,402.2186038397525,0
1097,62.8388283860254,139.3799362072765,0
1051,64.24364509809614,105.35248193360158,1
1037,65.36449824631433,478.7240095190481,0
1096,90.15129489163317,4.43164255673445,1
1087,76.95806383376272,498.9104278409891,0
1078,65.56538495780018,338.4106494286978,0
1029,80.51668916554593,414.23464972455855,0
1050,85.80753371115968,147.3096981730966,0
1080,63.63120003667669,7.1576388335299885,0
1004,70.67745507626758,368.93475928076504,0
1028,56.09430466684738,417.07229850033787,0
1003,59.05746747673402,370.2380659767596,0
1009,84.05589269824914,71.4251436504193,0
1055,59.071917384781344,376.7139611284845,0
1016,76.258169183353,384.4613910538205,0
1073,85.45231308612163,329.27025783502745,0
1016,55.34384615473719,383.0579663977931,1
1083,78.36561098144517,422.96071983886605,0
1087,62.82813918506819,306.80205711872924,0
1068,98.146343761879,44.302356984839534,1
1033,74.17728233599624,243.81390483360542,0
1005,90.2996274887579,38.82466733580253,0
1052,77.51132710781309,203.77151551621543,0
1065,52.170626642740956,203.55324456281383,0
1076,81.65756877970111,33.00492207012079,0
1042,97.57016711033285,174.41026698473965,1
1074,80.08059100731656,55.499049395657416,0
1022,90.95944297133951,404.1176050046111,0
1054,94.2103231674204,473.84401298223537,0
1079,61.40398859744663,36.1582376289693,0
1094,60.60224199541133,477.5576036458507,0
1074,80.54904944254959,261.2882996683726,0
1015,70.55142349033524,149.78283897693694,0
1007,91.99306514333603,38.431037638081754,0
1003,95.00115616990055,250.3121340352089,0
1003,67.6710689651359,397.2577722453743,0
1055,61.8435279487241,353.54323863334906,1
1024,89.0262757621931,25.11300573198688,0
1066,63.740301777406806,36.45091768395176,0
1095,91.13071592568392,201.43664131631854,0
1066,71.18691268243813,147.64524702397165,0
1026,83.37749496457351,116.19216152802392,0
1092,54.77676569173341,140.5022494543568,0
1031,81.19296623382866,401.74137164844234,0
1049,72.58838393686145,464.61402681592693,1
1060,79.3304231587737,202.5513472637832,0
1050,58.40071038724317,453.05550106624855,0
1018,86.8436872472091,160.747850623941,1
1020,93.13985387716143,238.2184931718958,1
1004,60.836990004538784,113.01449890799987,1
1081,54.78572777600809,320.238021087922,0
1091,51.18192930231682,489.49055758740445,0
1041,82.0985750221633,301.7465480216893,0
1060,80.35470180443903,178.90704205677443,0
1021,77.33487063570351,323.9087229952642,0
1020,61.59735480579877,61.460339232693784,0
1069,69.54529979527574,444.3295401326993,1
1000,79.72381675930865,251.54197538991818,0
1004,74.83834294295846,224.67487101982104,1
1011,99.38927601074437,292.9323942267596,0
1089,56.821987627836656,312.3919313947012,0
1045,84.75722770237968,35.88790311325651,0
1033,70.21593840521462,341.3086106117012,0
1048,71.40998074628074,120.96584015776479,0
1077,85.87988828290881,356.9763162532949,0
1089,84.62180756621848,411.2673971920984,1
1044,99.56279968510941,401.9792537762601,0
1026,56.41971447270626,276.25048370394455,0
1072,55.20548246920832,260.0849461553756,0
1025,86.21694085643705,71.43798066970587,0
1046,78.91934585032045,387.67307520156777,0
1085,63.70803332799029,135.70469022335718,0
1055,53.97096844944933,248.34771140897328,0
1093,54.282912479821526,142.13704646375837,0
1062,94.70954373320592,66.91418149984656,0
1047,59.59336623593715,314.7788484458683,0
1060,66.16857810577604,27.166017411451914,0
1080,61.3328201113494,374.3226170631,0
1025,67.74981529159686,158.79339763055833,0
1035,53.47119213730467,0.06734650224266003,0
1000,75.95298954541352,255.5645696186149,0
1007,53.380628179610746,23.425954263801565,1
1098,90.01782539111808,138.08477891044973,0
1051,61.685604095521654,353.4882437278581,1
1078,77.00059573022553,31.344810810932934,1
1046,94.0039543780729,419.6692461780012,0
1055,82.5438684523597,1.909961329291554,0
1085,76.64788932756676,123.41193460095113,0
1013,66.21668765576878,370.45202807603573,0
1089,66.6500956529099,158.1350748646534,0
1027,83.4743477599095,50.94619403300676,0
1086,99.70696806105838,180.11695940021394,0
1077,83.09195949246893,135.19664319226277,1
1087,77.88917086850125,421.35595108027746,0
1001,86.5325255119623,156.67395879257157,0
1025,73.26028061418592,394.4662358880036,0
1013,53.00711713003926,445.9360724053674,0
1058,78.1148407938955,216.90870978826476,0
1055,97.881264225269,454.971571927196,1
1006,58.76514711788298,188.6590269815964,0
1002,84.50024454103328,482.0392082450541,0
1022,60.04668443295282,44.644762262786465,0
1017,76.79138422365406,343.5096332516214,1
1037,54.83382248233598,246.90702022846435,0
1098,72.51854681290925,193.82440272782353,0
1014,87.8081664447623,316.3559393743005,0
1063,67.37857621194911,351.92854581716557,0
1088,83.24558622436089,2.1816348251545437,0
1027,89.77249803948646,83.47654437359935,0
1073,96.35889097397263,356.52302531715935,0
1038,61.73210409277267,333.1927067891032,0
1056,69.9657957904654,483.0237525643386,1
1016,57.62080066652087,380.5188951253915,0
1085,99.62417510791876,475.38635386566904,0
1089,96.35004839621476,351.27025076740347,0
1043,76.99785651402797,149.02610431972158,0
1024,92.10166471882107,52.68246112542824,1
1016,76.04789886360211,390.9119316724678,0
1012,81.17928440013799,322.074610737958,0
1083,54.456221605800835,24.093006196648115,0
1024,87.7635210248404,180.02523295048917,0
1067,56.38567418176174,478.39990774214306,0
1009,91.30338151262642,250.2005728551006,0
1066,89.1014043835193,216.36456800985232,0
1017,85.43723488714882,228.849802579647,1
1099,51.80801902623811,104.44136200258185,0
1085,65.15641779726643,184.3535854323976,0
